{
  "citation": "",
  "description": "",
  "features": {
    "question": {
      "dtype": "string",
      "_type": "Value"
    },
    "id": {
      "dtype": "int64",
      "_type": "Value"
    },
    "answer_id": {
      "dtype": "int64",
      "_type": "Value"
    },
    "document_id": {
      "dtype": "int64",
      "_type": "Value"
    },
    "question_id": {
      "dtype": "int64",
      "_type": "Value"
    },
    "answers": {
      "dtype": "string",
      "_type": "Value"
    },
    "answer_start": {
      "dtype": "int64",
      "_type": "Value"
    },
    "answer_end": {
      "dtype": "float64",
      "_type": "Value"
    },
    "context": {
      "dtype": "string",
      "_type": "Value"
    },
    "document_id.1": {
      "dtype": "float64",
      "_type": "Value"
    }
  },
  "homepage": "",
  "license": ""
}